Content_ID,Observation_time,User,User_Location,social_media,publish_date,Geo_location,comment_raw_text,emoji,reference post url,like_count,reply_count,Repost_Count,QUOTE_Count,BOOKMARK_COUNT,CONTENT TYPE,reference
7508366141320924438,2025-05-25T16:37:21Z,f1,,TikTok,2025-05-25T12:55:25.000Z,"(43.7384, 7.4246)",caught us in 4k ğŸ«µ @Oscar Piastri #f1 #formula1 #monacogp #f1drivers #oscarpiastri #mclaren ,ğŸ«µ,,274,798,78100,0,62,post,
7508353970931289366,2025-05-25T16:37:21Z,f1,,TikTok,2025-05-25T12:08:12.000Z,"(43.7384, 7.4246)",this is monaco baby ğŸ¤© #f1 #formula1 #monacogp #montecarlo #f1drivers #motorsport #sports ,ğŸ¤©,,78,260,54200,0,49,post,
7508075959015296278,2025-05-25T16:37:21Z,f1,,TikTok,2025-05-24T18:09:21.000Z,"(43.7384, 7.4246)",all the emotions on the line during qualifying ğŸ¥¹ #f1 #formula1 #monacogp #landonorris #charlesleclerc ,ğŸ¥¹,,12000,17300,3500000,0,1437,post,
7508043712040029462,2025-05-25T16:37:21Z,f1,,TikTok,2025-05-24T16:04:13.000Z,"(43.7384, 7.4246)",charles and lando battled for pole right until the end ğŸ˜± #f1 #formula1 #monacogp #landonorris #charlesleclerc #mclaren #ferrari ,ğŸ˜±,,1752,3679,780300,0,567,post,
7508035520795053334,2025-05-25T16:37:21Z,f1,,TikTok,2025-05-24T15:32:27.000Z,"(43.7384, 7.4246)","norris breaks the lap record, charles narrowly misses out in p2 and both racing bulls qualify in the top 10! ğŸ¤© #f1 #formula1 #monacogp #landonorris #charlesleclerc #oscarpiastri #mclaren #ferrari ",ğŸ¤©,,3339,3765,1200000,0,1228,post,
7508028593935518998,2025-05-25T16:37:21Z,f1,,TikTok,2025-05-24T15:05:34.000Z,"(43.7384, 7.4246)",a different kind of push lap ğŸ˜­ #f1 #formula1 #monacogp #georgerussell #mercedes #motorsport ,ğŸ˜­,,13600,8994,993500,0,714,post,
7508008911941700886,2025-05-25T01:13:22Z,skysport,,TikTok,2025-05-24T13:49:12.000Z,,ğŸ˜… ğ„ğ«ğ«ğ¨ğ«ğ ğğš ğ§ğ¨ğ§ ğŸğšğ«ğ ğŒğ€ğˆ ğœğ¨ğ§ ğ®ğ§ ğ©ğ¢ğ¥ğ¨ğ­ğš: ğğ¢ğ«ğ ğ¥ğ¢ ğğ¢ ğšğ§ğğšğ«ğ ğ©ğ¢ğšğ§ğ¨  #SkyMotori #F1 #Formula1 #MonacoGP #Antonelli #Chinchero ,ğŸ˜…,,672800,278,67100,0,6203,post,
7508053381911448854,2025-05-25T01:13:22Z,parismatch,,TikTok,2025-05-24T16:41:45.000Z,"(43.7384, 7.4246)",#kingsleycoman  #tiktoksports  #monacogp #monaco #f1 #formula1 ,,,18400,3,254,0,15,post,
7507979385576639766,2025-05-25T01:13:22Z,rtl.sport,,TikTok,2025-05-24T11:54:35.000Z,,Es gibt Agatha also wirklich ğŸ˜ Das Qualifying in Monaco ab 15:30 Uhr LIVE bei RTL im Free-TV ğŸ“º #rtlf1 #f1 #formel1 #monacogp #agatha #monte,ğŸ˜,,560400,577,51700,0,2954,comment,
7508089870083067138,2025-05-25T01:13:22Z,parismatch,,TikTok,2025-05-24T19:03:20.000Z,"(43.7384, 7.4246)",#kikagomes #pierregasly #f1 #monacogp #givenchybeauty #f1tiktok #sportstiktok ,,,38700,10,3061,0,143,post,
7508054559453908246,2025-05-25T01:13:22Z,parismatch,,TikTok,2025-05-24T16:46:19.000Z,"(43.7384, 7.4246)",#charlesleclerc  #formula1  #monaco #monacogp  #tiktoksports  #ferrari ,,,17400,15,967,0,58,post,
7508057453301419286,2025-05-25T01:13:22Z,parismatch,,TikTok,2025-05-24T16:57:33.000Z,"(43.7384, 7.4246)",#alexandrasaintmleux   #leo #charlesleclerc #onregardequoi  #monaco  #tiktoksports  #monacogp  #f1 ,,,65300,12,5612,0,332,post,
7508058040864623894,2025-05-25T01:13:22Z,mattp1tommy,,TikTok,2025-05-24T16:59:50.000Z,,Q3 live reaction. What a quali! #f1 #formula1 #monacogp #p1 ,,,329400,326,41600,0,1723,comment,
7508050302235315478,2025-05-25T01:13:22Z,canalplussport,,TikTok,2025-05-24T16:29:48.000Z,,French G.O.A.T aprÃ¨s les qualifs du Grand Prix de Monaco ğŸ‡²ğŸ‡¨ğŸ¤© #MonacoGP #sportstiktok #f1 #zizou #zinedinezidane #footballtiktok #motorsport ,,,124300,58,3609,0,169,post,
7508086315662036246,2025-05-25T01:13:22Z,parismatch,,TikTok,2025-05-24T18:49:33.000Z,"(43.7384, 7.4246)",#lenamahfouf #lenasituations #seb #seblafrite #monacogp #givenchybeauty #f1tiktok ,,,76900,28,10200,0,137,post,
7508033764954475798,2025-05-25T01:13:22Z,parismatch,,TikTok,2025-05-24T15:25:37.000Z,,#antoinedupont  #squeezie  #monacogp #tiktoksports ,,,404600,38,27300,0,492,post,
7508076862787112214,2025-05-25T01:13:22Z,parismatch,,TikTok,2025-05-24T18:12:52.000Z,"(43.7384, 7.4246)",#patrickdempsey  #chrishorner  #maxverstaapen #onregardequoi  #monacogp  #monaco  #f1 @tagheuer ,,,8856,4,226,0,15,post,
7507800635815906582,2025-05-25T01:13:22Z,__jesss.dde,,TikTok,2025-05-24T00:21:06.000Z,"(43.7384, 7.4246)",Monaco at nightğŸª©ğŸï¸ğŸ¸ğŸ‡²ğŸ‡¨ #monaco #formula1 #circuit #night #gpmonaco #partytime ,ğŸ,,45200,19,7072,0,435,comment,
7508034459564854550,2025-05-25T01:13:22Z,mclaren,,TikTok,2025-05-24T15:28:19.000Z,,Lando takes POLE in the principality ğŸ¤©ğŸ’ª #McLaren | #M7AReborn | #MonacoGP ğŸ‡²ğŸ‡¨,ğŸ’ª,,148800,272,34400,0,1804,post,
7508056644207512854,2025-05-25T01:13:22Z,parismatch,,TikTok,2025-05-24T16:54:25.000Z,"(43.7384, 7.4246)",#isackhadjar  #f1 #tiktoksports  #monacogp #monaco #onregardequoi ,,,14800,11,605,0,22,post,
7508013552137981206,2025-05-25T01:13:22Z,f1,,TikTok,2025-05-24T14:07:12.000Z,,is this the coolest corner on the calendar? ğŸ’« #f1 #formula1 #monacogp #montecarlo #motorsport #sports ,ğŸ’«,,216600,110,23400,0,965,post,
7507637586203053334,2025-05-25T01:13:22Z,f1,,TikTok,2025-05-23T13:48:17.000Z,,hamilton took flying lap a little too seriously âœˆï¸ #f1 #formula1 #monacogp #lewishamilton #ferrari #motorsport #sports ,,,2300000,1593,468400,0,24300,post,
7508088730926714134,2025-05-25T01:13:22Z,parismatch,,TikTok,2025-05-24T18:58:55.000Z,"(43.7384, 7.4246)",#lenamahfouf #lenasituations #pierregasly #f1 #alpine #givenchybeauty #monacogp ,,,64600,5,5163,0,87,post,
7508043181661965590,2025-05-25T01:13:22Z,clemspott,,TikTok,2025-05-24T16:02:11.000Z,"(43.7384, 7.4246)",Les spots gratuit deviennent de plus en plus rares pour le GP de Monaco..ğŸ¥² - - - - - - ##monaco##gp##monacogp##f1##vlog##viral##pourtoi,,,2381,3,265,0,21,post,
7507998766381780246,2025-05-25T01:13:22Z,parismatch,,TikTok,2025-05-24T13:09:51.000Z,"(43.7384, 7.4246)",#alexandrasaintmleux  #leo #charlesleclerc  #onregardequoi  #f1 #monacogp #formula1 #ferrari #montecarlo  #tiktoksports ,,,669400,68,72100,0,2413,post,
7508028419582577976,2025-05-25T01:13:22Z,mexicogp,,TikTok,2025-05-24T15:04:54.000Z,,Marshall empujar auto... marshall ser feliz ğŸ’ªğŸ¼ . #Formula1 #F1 #TikTokDeportes #Motorsports #MonacoGP #Mercedes #GeorgeRussell,ğŸ’ªğŸ¼,,94300,117,23200,0,1272,post,
7507655473148038418,2025-05-25T01:13:22Z,annabrain1,,TikTok,2025-05-23T14:57:38.000Z,,Reminder this is what Monaco looks like right now #monaco #gp #monacogp #formula1 #f1 ,,,5163,5,624,0,33,comment,
7508024770789641494,2025-05-25T01:13:22Z,gala.fr,,TikTok,2025-05-24T14:50:44.000Z,,#patrickdempsey #gpmonaco #grandprixmonaco #sportstiktok ,,,145400,57,6708,0,271,post,
7508059183871298838,2025-05-25T01:13:22Z,inphratic,,TikTok,2025-05-24T17:04:17.000Z,,"Monaco Qualifying ALWAYS delivers, what a banger, hopefully the mandatory pitstop spices things up tomorrow #f1 #formula1 #f125 #f12025 #monacogp #charlesleclerc #landonorris #lewishamilton ",,,21700,34,2498,0,152,comment,
7508051288362405142,2025-05-25T01:13:22Z,mclaren,,TikTok,2025-05-24T16:33:39.000Z,,Real ones get the reference ğŸ¤£ #McLaren #F1 #Formula1 #MonacoGP ,,,205200,207,56600,0,3795,post,
7508143736996580630,2025-05-25T01:13:22Z,pistons_brothers,,TikTok,2025-05-24T22:32:27.000Z,"(43.7384, 7.4246)",Lovely Sasha & Laura Niemas enjoying Monaco GP Today âœ¨ğŸ’– #monaco #billionaire #lifestyle #luxury #girls ,ğŸ’–,,11800,2,253,0,21,comment,
7508057465666178326,2025-05-25T01:13:22Z,gala.fr,,TikTok,2025-05-24T16:57:37.000Z,"(43.7384, 7.4246)",#charlesleclerc #charles #f1 #formula1 #sportstiktok #motorsport #monaco #monacogp ,,,159800,46,18600,0,1206,post,
7508024191539612950,2025-05-25T01:13:22Z,gala.fr,,TikTok,2025-05-24T14:48:30.000Z,,#patrickdempsey #gpmonaco #grandprixmonaco #sportstiktok ,,,36900,7,2736,0,112,post,
7508053912390339842,2025-05-25T01:13:22Z,parismatch,,TikTok,2025-05-24T16:43:49.000Z,"(43.7384, 7.4246)",#charlesleclerc  #formula1  #f1  #monaco  #monacogp ,,,12100,7,589,0,38,post,
7507860860019264811,2025-05-25T01:13:22Z,speedthespartan,,TikTok,2025-05-24T04:15:29.000Z,,No place on earth Iâ€™d rather be ğŸï¸ #monacogp #f1 #monaco #grandprix @F1 Experience ,ğŸ,,10600,10,798,0,23,comment,
7507994474937732385,2025-05-25T01:13:22Z,lequipe,,TikTok,2025-05-24T13:00:57.000Z,,"Ce week-end se dÃ©roule le 8e rendez-vous de la saison en Formule 1, le GP de Monaco. On vous explique le nom des virages du parcours monÃ©gasque. #formule1 #F1 #GPMonaco #Monaco #sportstiktok #sinformersurtiktok",,,9139,4,737,0,60,post,
7508101370457689351,2025-05-25T01:13:22Z,jossbeat,,TikTok,2025-05-24T19:48:02.000Z,,IncreÃ­ble vuelta de Lando Norris haciendo nuevo record de vuelta (en menos de 70 segundos ğŸ¤¯) Lando hace historia en Monaco con su pole! #landonorris #poleposition #monacogp #newrecord #formula1 ,,,30400,56,3553,0,240,comment,
7508080809652260152,2025-05-25T01:13:22Z,rodneyoo1,,TikTok,2025-05-24T18:28:12.000Z,,Que coisa linda de vÃª ğŸ˜âœ¨ğŸ #f1 #formula1 #f1edits #gpmonaco2025 #landonorris #polemonaco #foryouu #forupage ,ğŸ˜,,48300,93,3559,0,190,comment,
7508042409637432598,2025-05-25T01:13:22Z,dazn_es,,TikTok,2025-05-24T15:59:11.000Z,,Alonso ya se toma a cachondeo el tema de la mala suerte ğŸ˜‚ #MonacoDAZNF1 #F1 #Alonso #deportesentiktok #MonacoGP,ğŸ˜‚,,193300,100,12600,0,327,post,
7508105293583387906,2025-05-25T01:13:22Z,tothegrandprix,,TikTok,2025-05-24T20:03:12.000Z,,ğŸ¥° #formule1 #formel1 #formula1 #f1 #formulaone #f1drivers #f1fans #maxverstappen #verstappen #mv1 #mv33 #supermax #f1tiktok ,,,20600,6,2355,0,323,comment,
7507700133732044054,2025-05-25T01:13:22Z,atelierzewis,,TikTok,2025-05-23T17:50:58.000Z,,Angry Max Verstappen ğŸ”¥ #f1 #formula1 #maxverstappen #verstappen #redbullracing #f1edit #fyp #viral ,ğŸ”¥,,86000,15,7279,0,614,comment,
7508088193917422853,2025-05-25T01:13:22Z,esportenaband,,TikTok,2025-05-24T18:56:51.000Z,,"VESPA FELIZ? ApÃ³s se classificar apenas em quinto no GP de MÃ´naco (larga em quarto apÃ³s puniÃ§Ã£o do Hamilton), Verstappen comentou sobre como pode ser a prova nas ruas de Monte-Carlo #f1 #f1naband #esportenaband",,,54500,18,2651,0,87,comment,
7506217387868392726,2025-05-25T01:13:22Z,thepodiumpress,,TikTok,2025-05-19T17:57:10.000Z,,Verstappen insane overtake at Imola  #imola #f1 #maxverstappen #verstappen #redbull,,,155600,79,11000,0,847,comment,
7507604338731175214,2025-05-25T01:13:22Z,gossip.donut,,TikTok,2025-05-23T11:40:32.000Z,"(43.7384, 7.4246)",No wonder Max Verstappen never needs to use the bathroom during an F1 raceâ€”heâ€™s got a special trick up his sleeve!#fyp #fouyou #celebrity #usa #f1 #maxverstappen ,,,46100,5,328,0,18,comment,
7508077480528334102,2025-05-25T01:13:22Z,parismatch,,TikTok,2025-05-24T18:15:16.000Z,"(43.7384, 7.4246)",#patrickdempsey  #maxverstappen   #verstappen  #monaco  #f1  #monacogp  #onregardequoi   #chrishorner @tagheuer ,,,30300,6,1290,0,67,post,
7507772818050911506,2025-05-25T01:13:22Z,hroff_,,TikTok,2025-05-23T22:33:14.000Z,"(43.7384, 7.4246)",Honestly Monaco is such a vibe with the boats jetting the drivers in ğŸï¸ğŸğŸ‡²ğŸ‡¨â¤ï¸ğŸ’™ #monacogp #monaco #formula1 #f1contentcreators #f1 #redbullracing #maxverstappen #mv33 #maxverstappen33 #creatorsearchinsights #f1creator #f1community #girlsinf1 #womeninmotorsport @Red Bull Racing @Formula 1 @Verstappen.com ,ğŸ,,143300,23,5391,0,235,comment,
7508081737839152406,2025-05-25T01:13:22Z,dromodformula1,,TikTok,2025-05-24T18:31:47.000Z,,#dromodf [ Max masterclass incoming ] #dromodf || formula one red bull max verstappen champion mad max super max the lion 2025 edit funk dromodf || #fy #fyp #for #you #foryou #foryoupage #tiktok #viral #edit #phonk #funk #2025 #2025edit #edits #editor #max #verstappen #maxverstappen #verstappen1 #verstappen33 #verstappenğŸ‡³ğŸ‡± #franzhermann #maxvertsappenedit || tags: @ğ˜œğ˜ğ˜œğ˜’.16 @ğ™ğ„ğƒğ“ğˆğ’ğ‡ @ğ’ğ„ğğğ€ @ğ“¢ğ“¢ğ“¥05ğŸ‡»ğŸ‡ª @MCVL @Qfex @flaxâ´â´ @F1 EDITS @Chico Alicate @ğ™µğŸ·ğ™¼ğš˜ğšğš’ğš˜ğš—ğ™´ğšğš’ğšğšœ @GUILHERME OLIANOğŸ‡§ğŸ‡·ğŸ“±ğŸï¸ @guguf1edits @LEGENDARY @Laymon Senna f1 @ğ•»ğ–ğ–˜ğ–”ğ–“ğ–Â³Â³ @ğ™½ğ™°ğšğ™µ @swed7i @ğ’ğğğ–_ğ…ğŸğŸ˜¶â€ğŸŒ«ï¸âš¡ @ğ•ğ„ğ“ğ“5ğ‹ @zymez @16leclerx ,ğŸ“±ğŸ,,3767,15,698,0,170,comment,
7508077007448706326,2025-05-25T01:13:22Z,redbullracing,,TikTok,2025-05-24T18:13:26.000Z,,Manifesting the yacht life âœ¨ #f1 #maxverstappen #yacht ,,,98800,74,27100,0,1389,post,
7508062535904398594,2025-05-25T01:13:22Z,jai123_1,,TikTok,2025-05-24T17:17:16.000Z,,Max verstappen  #Max #verstappen #maxverstappen #fyppp #fy #foru #fyp #viral #foryoupage #blowthisupforme #foryou ,,,744,5,87,0,13,comment,
7507650019848178962,2025-05-25T01:13:22Z,dermanetuncer,,TikTok,2025-05-23T14:36:29.000Z,,One of the best pole laps ğŸ”¥ #maxverstappen #formula1 #F1 #redbullracing #monacogp #foryou #fyp #edit ,ğŸ”¥,,302800,365,39000,0,3485,comment,
7507895282366008632,2025-05-25T01:13:22Z,marco2marco2marco,,TikTok,2025-05-24T06:28:20.000Z,,#music #monaco #luxury #maxverstappen #yacht ,,,118900,43,3000,0,275,comment,
7506973270546124054,2025-05-25T01:13:22Z,formulaflow1,,TikTok,2025-05-21T18:50:22.000Z,,Verstappen spinsâ˜ ï¸ğŸï¸#f1 #maxverstappen #f1edit #fyp #formula1 ,ğŸ,,198400,93,40300,0,4948,comment,
7506124038402608414,2025-05-25T01:13:22Z,lx0067,,TikTok,2025-05-19T11:55:36.000Z,,Max Verstappen says F1 is a game for the rich?#maxverstappen #f1 #tiktok #talk #entertainment #fyp #usa ,,,605900,206,39300,0,3894,comment,
7507725632248352020,2025-05-25T01:13:22Z,verstappie4life,,TikTok,2025-05-23T19:30:06.000Z,,haters gonna say poor gp i can already hear them #f1tiktok #f1 #formula1 #formulaone #maxverstappen #maxverstappenedit #f1edit #f1content #monacogp ,,,97200,36,12300,0,1043,comment,
7505887021278219542,2025-05-25T01:13:22Z,lestappenbest,,TikTok,2025-05-18T20:35:10.000Z,,Max Verstappen wins in Imola!ğŸ¦ |my fastest edit ever | #f1 #formula1 #edit #f1edit #f1tiktok #nodevideo #maxverstappen #redbullracing tags: @16leclerx @Dromodf @ğŸ‡©ğŸ‡ª | lestappen Â³Â³ Â¹â¶ Â¹â¸ @ğ™ğ„ğƒğ“ğˆğ’ğ‡ @ğ•ğ„ğ“ğ“5ğ‹ @ğ˜œğ˜ğ˜œğ˜’.16 @ğ“¢ğ“¢ğ“¥05ğŸ‡»ğŸ‡ª @Laymon Senna f1 @vyzxx.f1 @16stappen @ğ™µğŸ·ğ™¼ğš˜ğšğš’ğš˜ğš—ğ™´ğšğš’ğšğšœ @ğ’ğ„ğğğ€ @swed @ğ’¯â„´ğ“‚ğ“‚ğ“â„³ğ“‹1.ğ’¶â„¯â„¢ @zymez ,,,637600,433,96500,0,18800,comment,
7507666909689548054,2025-05-25T01:13:22Z,baw6teen,,TikTok,2025-05-23T15:42:03.000Z,,"Thatâ€™s just too funny, i love it !  #verstappen #maxverstappen #franzhermann #f1 #formula1 #fyp ",,,357900,162,48800,0,3264,comment,
7507768366380174638,2025-05-25T01:13:22Z,v33stappen,,TikTok,2025-05-23T22:16:14.000Z,,#MAXVERSTAPPEN - I will edit something trust me this is js a scrap #maxverstappenedit #f1 #formula1 #mv1 #maxverstappen33 #f1edits #f1tiktok #redbullracing ,,,30400,76,8394,0,2143,comment,
7507780398554909994,2025-05-25T01:13:22Z,yal1s_habib1,,TikTok,2025-05-23T23:03:08.000Z,,The best in the world #f1  #maxverstappen #racing ,,,12000,19,3061,0,436,comment,
7508046880262130950,2025-05-25T01:13:22Z,chav111sf1,,TikTok,2025-05-24T16:16:33.000Z,,#fyp #maxverstappen ,,,1239,1,179,0,18,comment,
7507211648965365014,2025-05-25T01:13:22Z,_racingpulse_,,TikTok,2025-05-22T10:15:26.000Z,,"This wasnâ€™t just a startâ€”it was a statementâ˜ ï¸ Maxâ€™s race start was pure madness diving into Turn 1 with unreal confidence, braking later than anyone else on the grid. His control under pressure and precision on cold tires is just next-level.  #f1 #f1tiktok #f1edit #f1fans #fyp #foryoupagĞµ #viral #viralditiktok #PrecisionDriving #OnboardF1 #perfection #overtake #maxverstappen #redbullracing ",,,575800,286,96800,0,11300,comment,
7507728935052922117,2025-05-25T01:13:22Z,editsbyasiya_,,TikTok,2025-05-23T19:42:45.000Z,,shake it to the MAX. #fyp #maxverstappenğŸ‘‘ğŸ‡³ğŸ‡± #simpleylovely #f1 #viral #formula1edits #formula1edits #formula1 #maxverstappen1 #maxverstappenedit #maxverstappen33 #maxverstappen #max #fypã‚·ã‚š #ğŸï¸ #fyp #fypã‚·ã‚š #fyp #fyp #fyp #fyp #fyp #fyp #fyp  credits:@ella ğŸ“š ,ğŸ‘‘,,1262,1,137,0,20,comment,
7353692928637947182,2025-05-25T01:13:22Z,dealsbymati,,TikTok,2024-04-03T17:25:07.000Z,,only verstappen can pull thisnoffğŸ˜­ #maxverstappen #formula1 #redbullracing ,ğŸ˜­,,3900000,591,147200,0,9940,comment,
7506213371465796870,2025-05-25T01:13:22Z,povsnpodium,,TikTok,2025-05-19T17:41:38.000Z,,The menace of Imola:  #maxverstappen ,,,941300,338,173900,0,20300,comment,
7505418922682879264,2025-05-25T01:13:22Z,vntmd_,,TikTok,2025-05-17T14:18:52.000Z,,Max Verstappen listens to music.  [Voiceover + Edit] #maxverstappen #verstappen #f1 #formula1 #vntmd #formule1 #f1memes #f1meme #onboard #redbullracing #redbullf1 #miamigp ,,,1700000,401,163900,0,14700,comment,
7506611600019803414,2025-05-25T01:13:22Z,racing_incident,,TikTok,2025-05-20T19:26:54.000Z,,speedâ€¦. max is speed #maxverstappen #mv1 #formula1 #f1edit #f1tiktok #f1fans #f1 #verstappen #redbullracing ,,,79500,87,20800,0,4548,comment,
7505794988387732767,2025-05-25T01:13:22Z,allenaholzworth,,TikTok,2025-05-18T14:38:24.000Z,,im cackling at everyone getting ready to go and heâ€™s still warming his tires up ğŸ˜‚ #maxverstappen #imola ,ğŸ˜‚,,2000000,1351,132500,0,7645,comment,
7505838730104638742,2025-05-25T01:13:22Z,itslazygaga,,TikTok,2025-05-18T17:27:47.000Z,,The AURA this man has is INSANEğŸ† #maxverstappen #redbull #f1 ,ğŸ†,,2683,2,487,0,75,comment,
7340627889320185120,2025-05-25T01:13:22Z,thebestf1clips,,TikTok,2024-02-28T12:25:27.000Z,,IconicğŸ˜‚ğŸ˜­ğŸ‡³ğŸ‡± #maxverstappen #verstappen #racing #fyp #formula1 #driver #formulaone ,ğŸ˜‚ğŸ˜­,,1000000,155,55000,0,5191,comment,
7507853597896477958,2025-05-25T01:13:22Z,thieny.fx,,TikTok,2025-05-24T03:46:33.000Z,,FAMILY TIES X MAX VERSTAPPEN (a small edit) #maxverstappen #verstappen #f1 #mv1 #mv33 #formula1 #formulaone #verstappenedit #f1edit #fyp #foryoupage #viralvideos #xybzca #redbull #redbullracing ,,,38300,82,14200,0,0,comment,
7508040055722642718,2025-05-25T01:13:22Z,espn,,TikTok,2025-05-24T15:50:24.000Z,,#MaxVerstappen #Monaco #F1 #RedBull ,,,142100,44,3990,0,0,comment,
7507672096135286038,2025-05-25T01:13:22Z,bluededits_,,TikTok,2025-05-23T16:02:11.000Z,,REPOST- my flopping era guys donâ€™t hmu ğŸ’”ğŸ’”ğŸ’” gonna be busy the next months sorry ğŸ˜  #mv33 #maxverstappen #f1 #edit #edits #fyp #formula1 #redbull #xyzabc #foru #rb  Tags: @Boxed WINE @ğ’‚ğ’ğ’ğ’Šğ’†ğ’Œ ğŸï¸ğŸ’‹ @Konnichiwa @faye @Mindless @Turi ğŸ„ @dannyâœ¨ @lix @Athena ,ğŸ’”ğŸ’”ğŸ’”,,1861,15,272,0,0,comment,
7508032857231674632,2025-05-25T01:13:22Z,_niknikky,,TikTok,2025-05-24T15:22:07.000Z,,ğŸ¥¹ #lewishamilton #maxverstappen  #f1 #formula1 #formulaone #fyp,,,53800,40,4618,0,0,comment,
7507674592127765782,2025-05-25T01:13:22Z,tothegrandprix,,TikTok,2025-05-23T16:11:50.000Z,,To be fair this was the 6th time he was impeded in FP2 ğŸ’€ #formule1 #formel1 #formula1 #f1 #formulaone #f1drivers #f1fans #maxverstappen #verstappen #mv1 #mv33 #supermax #f1memes #f1tiktok ,ğŸ’€,,15900,19,603,0,83,comment,
7508024229397335318,2025-05-25T01:13:22Z,thestickmenproject,,TikTok,2025-05-24T14:48:39.000Z,,Having some fun with the hot cues ğŸ›ï¸ğŸšï¸ğŸ›ï¸ #circles #pigbag #maxverstappen #edm #electronicmusic #newmusic ,ğŸ›,,12700,35,911,0,101,comment,
7505817812364037398,2025-05-25T01:13:22Z,96_cloud,,TikTok,2025-05-18T16:06:37.000Z,"(43.7384, 7.4246)",The gap before the SC ğŸŸ¡#verstappen #imola #mclaren @Formula 1 ,,,951300,800,109600,0,6178,comment,
7505811307757669650,2025-05-25T01:13:22Z,don.viejito,,TikTok,2025-05-18T15:41:23.000Z,,"Otra vez volvemos a ver a Max en lo mÃ¡s alto , gran carrera de Max , muy buena suerte al entrar a pits y gran defensa en la relansadabde carrera, todo bien el dÃ­a de hoy!!!!!  #maxverstappen #redbull #imolagp #formula1 #italia ",,,103200,83,16800,0,1115,comment,
7505939397813030166,2025-05-25T01:13:22Z,a_bta_edit,,TikTok,2025-05-18T23:58:40.000Z,,Max VERSTAPPEN wins at Imola! #f1edit #imolagp #maxverstappen #formula1 #redbullracing ,,,710100,356,144500,0,18800,comment,
7507935337105181983,2025-05-25T01:13:22Z,espn,,TikTok,2025-05-24T09:04:46.000Z,,#MaxVerstappen #Monaco #F1 #RedBull ,,,115000,51,5294,0,124,comment,
7508023637140704530,2025-05-25T01:13:22Z,anddreaf1,,TikTok,2025-05-24T14:46:20.000Z,,#monacogp #monacograndprix #gpmonaco #mercedesamg #mercedesf1 #georgerussell #formula1 #formulaone #formulauno #f1tiktok ,,,30400,10,4147,0,184,comment,
7508088116587121942,2025-05-25T01:13:22Z,mattp1tommy,,TikTok,2025-05-24T18:56:33.000Z,,ğŸš¨ Penalty for Lewis Hamilton ğŸš¨ #f1 #formula1 #monacogp #p1 ,ğŸš¨,,179600,224,14000,0,468,comment,
7508056606576364822,2025-05-25T01:13:22Z,franziskanazarenus,,TikTok,2025-05-24T16:54:17.000Z,,can you guess which team weâ€˜re supporting?ğŸ¤âœ¨ğŸğŸï¸ #monaco #monacogp #formula1 #monacograndprix ,ğŸğŸ,,32700,28,3025,0,209,comment,
7508018538116877590,2025-05-25T01:13:22Z,gala.fr,,TikTok,2025-05-24T14:26:33.000Z,"(43.7384, 7.4246)",#zidane #zinedinezidane #alpine #monaco #monacogp #f1 #formula1 #sportstiktok #motorsport ,,,320000,179,7641,0,362,post,
7508021618917051653,2025-05-25T01:13:22Z,crisvacy,,TikTok,2025-05-24T14:38:30.000Z,,#arthurleclerc #scuderiaferrari #monacogp #formula1 ,,,141600,48,34300,0,3131,comment,
7507978132712951046,2025-05-25T01:13:22Z,francocolapinto43,,TikTok,2025-05-24T11:49:48.000Z,,PRUEBAS 3  FRANCO COLAPINTO  GP MÃ“NACO 2025 #monaco #monacof1 #francocolapinto #colapintoaf1 #colapintoaf1 #argentinağŸ‡¦ğŸ‡· #argentinağŸ‡¦ğŸ‡· #alpine #colapinto #francocolapinto43 #f1 ,,,49000,24,1215,0,42,comment,
7508036213597621510,2025-05-25T01:13:22Z,raiksyen,,TikTok,2025-05-24T15:35:10.000Z,,HASIL QUALIFYING MONACO GP 2025!! #f1 #formula1 #monacogp ,,,38300,76,2311,0,59,comment,
7507721503832739094,2025-05-25T01:13:22Z,louispotting,,TikTok,2025-05-23T19:13:53.000Z,,So ? | #monaco #supercar #monacogp #f1 ,,,261600,345,67000,0,6041,comment,
7508071243090808086,2025-05-25T01:13:22Z,lauriananaaa,,TikTok,2025-05-24T17:51:04.000Z,"(43.7384, 7.4246)",Qualif Ã  Monaco ğŸ‡²ğŸ‡¨ ğŸï¸ #monaco #gpmonaco #monacogp #F1 #2025 #formula1 #fyp #foryoupageâ¤ï¸â¤ï¸ #f1tiktok ,ğŸ,,955,12,74,0,4,comment,
7508034404359359766,2025-05-25T01:13:22Z,darmonaite,,TikTok,2025-05-24T15:28:08.000Z,,Magui Corceiro at the Monaco GP ğŸï¸ #monaco #monacogp #magui #maguicorceiro #lando #landonorris #mclaren #formula1 #f1,ğŸ,,23100,6,1738,0,133,comment,
7507937464338730262,2025-05-25T01:13:22Z,canalplussport,,TikTok,2025-05-24T09:12:00.000Z,,pas mal pour arriver Ã  Monaco un jour de qualifs ğŸ¤© #f1 #monacogp #sportstiktok #motorsport ,,,43600,27,4705,0,101,post,
7507917977996512534,2025-05-25T01:13:22Z,vlogazur,,TikTok,2025-05-24T07:56:21.000Z,,Formula 2 testing in Monaco GP 2025 #pourtoi #viral #tendance #gpmonaco #monacogp #monaco ,,,942,0,66,0,3,comment,
7507628444931673366,2025-05-25T01:13:22Z,ekaitzgil_f1,,TikTok,2025-05-23T13:12:47.000Z,"(43.7384, 7.4246)",Nunca me acuerdo que puedo ver el GP Monaco de F1 desde mi casaâ€¦ ğŸ˜… #formula1 #f12025 #f1espaÃ±a #gpmonaco ,ğŸ˜…,,599000,280,98700,0,4459,comment,
7508098138914163990,2025-05-25T01:13:22Z,verstvppen,,TikTok,2025-05-24T19:35:25.000Z,,#MV1 the podium was made for this man. ALSO TYSM FOR 1K AHH #maxverstappen #maxverstappenedit #redbullracing #formula1 #f1 #checoperez #selenagomez #foryou #velocityedit #danielricciardo #maxiel #redbull #maxverstappen1 ,,,563,15,195,0,57,comment,
7505783905186827550,2025-05-25T01:13:22Z,annajaffee,,TikTok,2025-05-18T13:55:33.000Z,,vibes are 100 race is 0 #maxverstappen #imolagp ,,,404500,306,77700,0,3925,comment,
7504737491807685895,2025-05-25T01:13:22Z,delbosquef1,,TikTok,2025-05-15T18:14:25.000Z,,"El cuatro veces campeÃ³n del mundo de la Formula 1, Max Verstappen, rompe un rÃ©cord en el circuito legendario de automovilismo, NÃ¼rburgring, sin siquiera tener el objetivo de romper un rÃ©cord. En verdad que Max Verstappen es una locura. @drifters.travelex  #F1 #Formula1 #F1enEspanol #Formula1enEspanol #ChecoPerez #DelBosqueF1 #Verstappen #Nurburgring #tiktokdeportes ",,,443800,205,62400,0,4629,comment,
7327674034999676193,2025-05-25T01:13:22Z,tothegrandprix,,TikTok,2024-01-24T14:37:48.000Z,,"The fact that they wrote headlines about this is hilarious, he was clearly jokingğŸ˜‚ #f1 #formula1 #formule1 #formel1 #maxverstappen #verstappen #supermax #f1drivers ",ğŸ˜‚,,516600,86,55900,0,6901,comment,
7505847101071445270,2025-05-25T01:13:22Z,j4k3.amp,,TikTok,2025-05-18T18:00:16.000Z,,Great win from Max in Imola #maxverstappen #f1 #f1edit #edit #fyp ,,,37400,74,5749,0,1244,comment,
7505805474449673527,2025-05-25T01:13:22Z,oliviaadann,,TikTok,2025-05-18T15:18:45.000Z,,#fypã‚·ã‚š #contenido #maxverstappen #f1 ,,,63000,50,19000,0,2075,comment,
7505866190976339255,2025-05-25T01:13:22Z,max_verstappen71,,TikTok,2025-05-18T19:14:23.000Z,,Simplemente Max VerstappenğŸ¦ğŸ’™#f1 #formula1 #redbull #mv1 #maxverstappen ,ğŸ’™,,57900,36,7735,0,598,comment,
7439102303233133879,2025-05-25T01:13:22Z,enzns,,TikTok,2024-11-19T21:16:25.000Z,,this song is so addictive #maxverstappen #maxverstappenedit #mv1 #f1edit #redbulledit #fyp #viral scp:@anelaâ´ â¸Â¹ ,,,2500000,878,389600,0,76800,comment,
7502571283784174903,2025-05-25T01:13:22Z,tuformula,,TikTok,2025-05-09T22:08:28.000Z,,ğŸ˜³ Â¿CorrerÃ¡ Max Verstappen las 24 horas de NÃ¼rburgring? #f1 #formula1 #maxverstappen #verstappen #nurburgring #nordschleife ,ğŸ˜³,,2200000,307,214000,0,14100,comment,
7465327063323512086,2025-05-25T01:13:22Z,merckleinx,,TikTok,2025-01-29T13:21:53.000Z,,Max Verstappen || Simply Lovely  They might prefer him lmao #maxverstappen #verstappen #f1 #formula1 #edit #fyp #premstyle ,,,2400000,1033,387100,0,73800,comment,
7496948642109033750,2025-05-25T01:13:22Z,jort.aep,,TikTok,2025-04-24T18:29:41.000Z,,Max Emilian Verstappen. | this qualifying performance was insaneğŸ¥¶ #f1 #maxverstappen #verstappen #redbullf1 #f1edit #viral #fyp ,,,516500,277,66000,0,10100,comment,
7508439817076739350,2025-05-26T00:10:28Z,mundodeportivo,,TikTok,2025-05-25T17:41:18.000Z,,"ğŸ’¥ @Fabio Marchi lo tiene claro: â€œEl GP de MÃ³naco ha sido un fiasco, un esperpento. No es lo que queremos verâ€ #formula1 #f1 #motor #monacogp #gpmonaco ",ğŸ’¥,,14800,350,255,0,409,post,
7508501564303150358,2025-05-26T00:10:28Z,parismatch,,TikTok,2025-05-25T21:40:56.000Z,"(43.9352, 6.0679)",#charlesleclerc  #tiktoksports  #monacogp  #formula1  #f1 #onregardequoi ,,,141,2,2,0,8,post,
7508408462968196374,2025-05-26T00:10:28Z,dazn_es,,TikTok,2025-05-25T15:39:40.000Z,,"ğŸ—£ï¸ Carlos Sainz, muy duro contra lo ocurrido en MÃ³naco ""La gente manipula la carrera con ritmos, como hemos hecho nosotros. No hemos corrido una carrera, hemos hecho lo que hemos querido"" #MonacoDAZNF1 #F1 #CarlosSainz #MonacoGP #deportesentiktok",ğŸ—£,,20800,222,651,0,649,post,
7508304677239344406,2025-05-26T00:10:28Z,baw6teen,,TikTok,2025-05-25T08:56:57.000Z,,ouch  #f1 #f2 #monacogp #monaco #fyp ,,,64000,87,11200,0,4581,comment,
7508500377906482454,2025-05-26T00:10:28Z,parismatch,,TikTok,2025-05-25T21:36:21.000Z,"(43.7384, 7.4246)",#kingsleycoman  #onregardequoi  #tiktoksports  #monacogp  #f1  #formula1  #monaco ,,,148,2,0,0,6,post,
7508369667006762262,2025-05-26T00:10:28Z,parismatch,,TikTok,2025-05-25T13:09:07.000Z,"(43.7384, 7.4246)",#mbappe  #onregardequoi  #tiktoksports  #monaco  #monacogp  #f1 ,,,8166,202,216,0,524,post,
7508450126977928470,2025-05-26T00:10:28Z,parismatch,,TikTok,2025-05-25T18:21:19.000Z,"(43.7384, 7.4246)",#kylianmbappÃ©  #mbappe #onregardequoi  #tiktoksports  #monacogp  #monaco #f1 #formula1 ,,,814,9,6,0,52,post,
7508497482607807766,2025-05-26T00:10:28Z,parismatch,,TikTok,2025-05-25T21:25:05.000Z,"(43.7384, 7.4246)",#mikemaignan  #patriceevra  #onregardequoi  #tiktoksports  #monacogp  #monaco ,,,292,1,4,0,4,post,
7508385032608828694,2025-05-26T00:10:28Z,parismatch,,TikTok,2025-05-25T14:08:44.000Z,"(43.7384, 7.4246)",#thibautcourtois  #f1  #monacogp  #tiktoksports  #monaco ,,,1895,12,35,0,121,post,
7508417776516681016,2025-05-26T00:10:28Z,cristinaleemace,,TikTok,2025-05-25T16:15:50.000Z,,"Overall, Iâ€™m pretty content with this race  #fastcarsfasttalk #motosports #f1 #formula1 #monacoGP #monacoGrandPrix ",,,2185,93,38,0,95,comment,
7508439932843855126,2025-05-26T00:10:28Z,a_bta_edit,,TikTok,2025-05-25T17:41:46.000Z,,LANDO NORRIS WINS THE MONACO GP #landonorris #f1edit #f1 #mclaren #monacogp #formula1 ,,,3900,26,318,0,769,comment,
7508382179014053142,2025-05-26T00:10:28Z,parismatch,,TikTok,2025-05-25T13:57:40.000Z,"(43.7384, 7.4246)",#alexandrasaintmleux #charlesleclerc #monaco  #tiktoksports  #monacogp #f1 ,,,12600,37,160,0,643,post,
7508374753875332374,2025-05-26T00:10:28Z,parismatch,,TikTok,2025-05-25T13:28:50.000Z,"(43.7384, 7.4246)",#mbappe #f1  #monacogp  #onregardequoi  #tiktoksports #monaco ,,,2620,27,42,0,180,post,
7508355649433128214,2025-05-26T00:10:28Z,parismatch,,TikTok,2025-05-25T12:14:44.000Z,"(43.7384, 7.4246)",#alexandrasaintmleux #monacogp  #formula1  #onregardequoi  #tiktoksports ,,,17400,71,470,0,1008,post,
7508399417939004694,2025-05-26T00:10:28Z,f1,,TikTok,2025-05-25T15:04:34.000Z,,LANDO ON TOP ğŸ”›ğŸ” #f1 #formula1 #monacogp #landonorris #mclaren ,ğŸ”›ğŸ”,,83100,715,1449,0,4177,post,
7508410230179482902,2025-05-26T00:10:28Z,canalplussport,,TikTok,2025-05-25T15:46:31.000Z,,sa premiÃ¨re victoire en principautÃ© ğŸ¥¹ğŸ‡²ğŸ‡¨ #monacogp #motorsport #f1 #f1tiktok #sportstiktok ,ğŸ¥¹ğŸ‡²ğŸ‡¨,,6902,56,47,0,188,post,
7508118029654412566,2025-05-26T00:10:28Z,f1,,TikTok,2025-05-24T20:52:38.000Z,,monaco ghost car ğŸ‘» Compare Lando and Charlesâ€™ pursuit for pole in the Principality! #f1 #monacogp #charlesleclerc #landonorris,ğŸ‘»,,314900,1521,9714,0,12100,post,
7508285791861476631,2025-05-26T00:10:28Z,jamesruscica,,TikTok,2025-05-25T07:43:42.000Z,"(43.9352, 6.0679)",#lifestyle #inspiration #luxurylife #class #monaco #gp #f1 #summer #money #party #rich #fyp #yacht #sea #luxury ,,,9005,15,902,0,574,comment,
7508376306325736710,2025-05-26T00:10:28Z,frederiquejoncas,,TikTok,2025-05-25T13:34:53.000Z,"(43.9352, 6.0679)",High concentration of superyatch in Monaco on Grand Prix Sunday ğŸï¸ğŸ #f1 #monaco #monacogp #superyatch #frenchriviera ,ğŸğŸ,,3723,0,875,0,355,comment,
7508377558510030102,2025-05-26T00:10:28Z,franziskanazarenus,,TikTok,2025-05-25T13:39:45.000Z,"(43.9352, 6.0679)",Monaco GP ğŸ¤âœ¨ğŸï¸ğŸ  #monacof1 #monacogp #grandprix ,ğŸ¤âœ¨ğŸğŸ,,3430,43,123,0,302,comment,
7508397407218994454,2025-05-26T00:10:28Z,mclaren,,TikTok,2025-05-25T14:56:46.000Z,,VICTORY IN MONACO!!! ğŸ¤©ğŸ§¡ #McLaren | #M7AReborn | #MonacoGP ğŸ‡²ğŸ‡¨,ğŸ¤©ğŸ§¡ğŸ‡²ğŸ‡¨,,72600,514,1266,0,3939,post,
7508479830397046038,2025-05-26T00:10:28Z,redbullracing,,TikTok,2025-05-25T20:16:35.000Z,,When in Monaco ğŸ‡²ğŸ‡¨  #F1 #maxverstappen #monacogp ,ğŸ‡²ğŸ‡¨,,11500,44,100,0,610,post,
7508420446157688086,2025-05-26T00:10:28Z,visacashapprb,,TikTok,2025-05-25T16:26:10.000Z,,DOUBLE POOOINTS ğŸ¤  #F1 #VCARB #MonacoGP ,ğŸ¤,,17600,154,186,0,514,comment,
7508289956280864008,2025-05-26T00:10:28Z,f1_chloe30,,TikTok,2025-05-25T07:59:48.000Z,,there goes half the grid #f2 #formula2 #monaco #monacogp ,,,35200,63,5420,0,1905,comment,
7508324347325582614,2025-05-26T00:10:28Z,vivremonaco,,TikTok,2025-05-25T10:13:16.000Z,"(43.7384, 7.4246)",ğŸ‡²ğŸ‡¨ le dimanche commence trÃ¨s fort ğŸ˜³ #monaco #monacogp #formulaone ,ğŸ‡²ğŸ‡¨ğŸ˜³,,17900,57,3868,0,1202,comment,
7508357648585149718,2025-05-26T00:10:28Z,canalplussport,,TikTok,2025-05-25T12:22:29.000Z,,Quelle kiffeuse ğŸ˜ #monacogp #sportstiktok #f1 #dualipa ,ğŸ˜,,16800,62,1331,0,571,post,
7508425647878950166,2025-05-26T00:10:28Z,stephanize,,TikTok,2025-05-25T16:46:21.000Z,"(43.7384, 7.4246)",F1 race day in Monaco ğŸ«¶ğŸ¼  #MonacoGP #Monaco #F1 #Formula1 #foryoupage #fyp,ğŸ¼,,247,1,1,0,11,comment,
7508457263246445846,2025-05-26T00:10:28Z,mlnmarta,,TikTok,2025-05-25T18:49:02.000Z,"(43.7384, 7.4246)",Son premier grand prix & le plus important pour supporter tonton Charles â¤ï¸ #f1 #grandprix #monaco #monacogp #cutebaby #foryoupage ,â¤,,13900,26,498,0,460,comment,
7508350628058451222,2025-05-26T00:10:28Z,dazn_es,,TikTok,2025-05-25T11:55:13.000Z,,"Thibaut Courtois sueÃ±a con llegar a F2 y F3 con su equipo de F4, el 'TC Racing' ğŸ˜ #MonacoDAZNF1 #Courtois #deportesentiktok #MonacoGP",ğŸ˜,,42100,28,837,0,1252,post,
7508060095717051670,2025-05-26T00:10:28Z,thomaslangouet,,TikTok,2025-05-24T17:07:47.000Z,,Qualifications day in Monaco ğŸš© #monacogp #monacogranprix #formula1 #f1 #monaco #montecarlo ,ğŸš©,,481,11,69,0,35,comment,
7508496490180955414,2025-05-26T00:10:28Z,lgct_official,,TikTok,2025-05-25T21:21:15.000Z,,Mind blowing ğŸ¤¯ğŸï¸ğŸ´â¤ï¸â€ğŸ”¥ #Monaco #LGCT #showjumping #MonacoGP #equestrian ,ğŸ¤¯ğŸğŸ´â¤ğŸ”¥,,1134,2,45,0,42,comment,
7508362617971346710,2025-05-26T00:10:28Z,thevenueathletic,,TikTok,2025-05-25T12:41:45.000Z,"(43.7384, 7.4246)",What do you think of the Monaco Grand Prix? ğŸ‡²ğŸ‡¨ #monacogp #monaco #racing #formula1 #sports #racetrack #googleearth #europe #americans #thevenue ,ğŸ‡²ğŸ‡¨,,118,6,30,0,8,comment,
7508399185188637960,2025-05-26T00:10:28Z,effjuanthingsss,,TikTok,2025-05-25T15:03:40.000Z,,Did a livestream for the first time for Monaco GP. Till next race weekend! #f1 #formula1 #monacogp #livehighlights ,,,143,4,10,0,16,comment,
7508407746056834326,2025-05-26T00:10:28Z,canalplussport,,TikTok,2025-05-25T15:36:54.000Z,,Bonne fÃªte des mÃ¨res Ã  maman Lando ğŸ«‚ğŸ†#monacogp #sportstiktok #f1 #motorsport #mclaren #landonorris,ğŸ†,,19900,31,611,0,1185,post,
7508378419969707286,2025-05-26T00:10:28Z,canalplussport,,TikTok,2025-05-25T13:43:05.000Z,,Pluie de stars Ã  Monaco ! ğŸ˜ #gpmonaco #evra #verratti #zidane #courtois #sportstiktok  ,ğŸ˜,,33100,54,223,0,1420,post,
7508451183737113879,2025-05-26T00:10:28Z,f1,,TikTok,2025-05-25T18:25:26.000Z,,the most wholesome thing youâ€™ll see today ğŸ¥¹ğŸ§¡ @Lando Norris #f1 #formula1 #monacogp #landonorris #mclaren #sports #family ,ğŸ¥¹ğŸ§¡,,124100,388,4291,0,7149,post,
7508411907078917398,2025-05-26T00:10:28Z,tothegrandprix,,TikTok,2025-05-25T15:53:00.000Z,,This race was so boringğŸ˜´  #formule1 #formel1 #formula1 #f1 #formulaone #f1drivers #f1fans #maxverstappen #verstappen #mv1 #mv33 #f1tiktok ,ğŸ˜´,,25600,327,4108,0,1630,comment,
7508412224029920534,2025-05-26T00:10:28Z,turbolap,,TikTok,2025-05-25T15:54:16.000Z,,Speak your mind Max that race was awful ğŸ™ #monaco #max #verstappen #pitstops ,ğŸ™,,2734,48,196,0,124,comment,
7508439663833648406,2025-05-26T00:10:28Z,softsvmaxie,,TikTok,2025-05-25T17:40:44.000Z,,the popfication of max verstappen ğŸ™‚â€â†•ï¸ (thank you for 14k !!! this is absolutely unbelievable. sending a big hug to you all mwah) #maxverstappen #maxverstappenedit #redbullracing #f1edit #f1edits #f1 #formula1 #mv1 #mv33 #foryou #fyp #xyzcba ,ğŸ™‚,,4796,37,184,0,1324,comment,
7508398768606186759,2025-05-26T00:10:28Z,bfsnespanol,,TikTok,2025-05-25T15:02:02.000Z,,ğŸ˜­âŒ Otra vez Max y Red Bull sin podio #f1 #formula1 #formula1tiktok #f1tiktok #redbullracing #maxverstappen #verstappen #gpmonaco #monacogp #formulauno #f12025 ,ğŸ˜­âŒ,,630,11,2,0,23,comment,
7508431051849583894,2025-05-26T00:10:28Z,ricstappen,,TikTok,2025-05-25T17:07:19.000Z,,monaco gp so boring i had to rewatch imola #maxverstappen #formula1 #edit ,,,424,2,11,0,67,comment,
7508412598006713606,2025-05-26T00:10:28Z,mike.denaldi,,TikTok,2025-05-25T15:55:43.000Z,,Alesan Max pitstop di lap 77. Tadi banyak yg nanyain pas live! . #redbull #maxverstappen #monacogp #mikedenaldi,,,3615,116,137,0,153,comment,
7508269312507923758,2025-05-26T00:10:28Z,ag.motorsport0,,TikTok,2025-05-25T06:40:40.000Z,,podium at monaco tmr ğŸ™ || max verstappen redbull racing formula one 2025 edit edits capcut nodevideo || #f1 #fledit #f1edits #f1edition #edit #edits #fy #fyp #foryou #foryoupage #agmotorsport0  #verstappen #maxverstappen #mv33  #maxverstappen #redbull ,ğŸ™,,59,2,3,0,7,comment,
7508019492866247958,2025-05-26T00:10:28Z,parismatch,,TikTok,2025-05-24T14:30:16.000Z,"(43.7384, 7.4246)",#bernardarnault   #maxverstappen  #verstappen #fredericarnault #chrishorner  #monacogp  #f1  #tiktoksports ,,,55900,438,2713,0,3186,post,
7508381342371990814,2025-05-26T00:10:28Z,allenaholzworth,,TikTok,2025-05-25T13:54:48.000Z,,Maxâ€™s radio messages always make me laugh #maxverstappen #f1 #monacograndprix ,,,2374,13,38,0,129,comment,
7508297192554237206,2025-05-26T00:10:28Z,darmonaite,,TikTok,2025-05-25T08:27:54.000Z,,Race dayyy ğŸ‡²ğŸ‡¨ğŸï¸ #monaco #monacogp #maxverstappen #max1 #redbull #redbullracing #f1 #formula1 #f1memes ,ğŸ‡²ğŸ‡¨ğŸ,,44900,97,2540,0,2849,comment,
7508390395580042518,2025-05-26T00:10:28Z,f1.1emily,,TikTok,2025-05-25T14:29:32.000Z,,please. #F1 #monaco #maxverstappen ,,,4877,65,169,0,222,comment,
7508408580412869894,2025-05-26T00:10:28Z,f1aesthetic,,TikTok,2025-05-25T15:40:08.000Z,,#maxverstappen ,,,1157,8,191,0,67,comment,
7508392414470589718,2025-05-26T00:10:28Z,shadownovaplays,,TikTok,2025-05-25T14:37:22.000Z,,#f1 #f1tiktok #formula1 ,,,2974,44,116,0,119,comment,
7506565777403759902,2025-05-26T00:10:28Z,ld085_,,TikTok,2025-05-20T16:29:32.000Z,,Max verstappen #f1 #formula #edits #maxverstappen #f1edits ,,,165600,371,11500,0,27700,comment,
7489057891580775702,2025-05-26T00:10:28Z,lscviolette,,TikTok,2025-04-03T12:09:35.000Z,,Max Verstappen #pourtoi #fyp #carnaval ,,,132100,1107,18100,0,12500,comment,
7466221969684335905,2025-05-26T00:10:28Z,redbullracing,,TikTok,2025-01-31T23:14:41.000Z,,The ğŸ #f1 #maxverstappen #brazilğŸ‡§ğŸ‡· #phonk #aura ,ğŸğŸ‡§ğŸ‡·,,342200,1138,9332,0,24900,post,
7423034412817779973,2025-05-26T00:10:28Z,leonardogamer152,,TikTok,2024-10-07T14:04:48.000Z,,max verstappen song original ,,,25900,374,10400,0,5908,comment,
7508399676119452935,2025-05-26T00:10:28Z,dis.drew5,,TikTok,2025-05-25T15:05:34.000Z,,max verstappen race monaco gp #maxverstappen #fyp #fypã‚·ã‚š #fypã‚·ã‚š #monacogp #formula1 #redbullracing #fyppppppppppppppppppppppp ,,,138,5,4,0,2,comment,
7508325212014923030,2025-05-26T00:10:28Z,letsdoubledutch,,TikTok,2025-05-25T10:16:37.000Z,,redbull did not pay me for this ğŸ¦¬ #dutchtiktok #formula1 #verstappen #f1 #verstappen #dutchies #expatlife #expatsinthenetherlands #letsgo ,ğŸ¦¬,,38300,68,2042,0,1760,comment,
7508410805197704456,2025-05-26T00:10:28Z,fueltothe_max,,TikTok,2025-05-25T15:48:45.000Z,,Max talking about Monaco ğŸ‡²ğŸ‡¨ the race just doesnâ€™t work anymore #maxverstappen #redbull #monaco #redbullracing #f1,ğŸ‡²ğŸ‡¨,,129,1,18,0,17,comment,
7507253500007435542,2025-05-26T00:10:28Z,werp011,,TikTok,2025-05-22T12:57:49.000Z,,max verpstappen | #f1 #f1tiktok #f1edit #f1edits #nodevideo #capcut #maxverstappen #redbullracing #holland #redbull ,,,784400,2210,20900,0,66400,comment,
7445116171789012246,2025-05-26T00:10:28Z,astonmarvinf1,,TikTok,2024-12-06T02:13:45.000Z,,"George Russel vs Max Verstappen getting out of hand, they are still not over it #georgerussell #interview  #verstappen #incident #drama ",,,45900,2276,5723,0,6255,comment,
7508433017870748950,2025-05-26T00:10:28Z,stories1803,,TikTok,2025-05-25T17:14:56.000Z,,Max vertsapen edit ğŸ”¥ğŸ”¥ğŸ”¥#maxverstappen #edit #fyp ,ğŸ”¥ğŸ”¥ğŸ”¥,,128,0,3,0,8,comment,
7508446257933798712,2025-05-26T00:10:28Z,maxroludo33,,TikTok,2025-05-25T18:06:20.000Z,,thatâ€™s my ride! #maxverstappen #maxverstappenedit ,,,521,13,60,0,177,comment,
7136860317027486982,2025-05-26T00:10:28Z,mercedesamgf1,,TikTok,2022-08-28T09:43:14.000Z,,BTS at an iconic @Formula 1 corner. ğŸ¤“ #Motorsports #F1 #BelgianGP #Mercedes #mercedesamg ,ğŸ¤“,,38900,123,138,0,1183,comment,
7136851021657066758,2025-05-26T00:10:28Z,williamsracing,,TikTok,2022-08-28T09:07:09.000Z,,"Brace yourselves, itâ€™s RACE DAY! ğŸ¤© #WeAreWilliams #F1 #Formula1",ğŸ¤©,,21500,95,86,0,685,post,
7136873702624464134,2025-05-26T00:10:28Z,alpinef1team,,TikTok,2022-08-28T10:35:07.000Z,,Oh the fist bump. ğŸ«£ğŸ˜­ğŸ˜‚ #F1 #Fernando #Yuki ,ğŸ˜­ğŸ˜‚,,142800,265,492,0,4779,comment,
7115402796966382854,2025-05-26T00:10:28Z,redbull,,TikTok,2022-07-01T13:56:55.000Z,,fun with flags - F1 edition ğŸ #redbull #givesyouwiiings #f1 #formula1 #flag,ğŸ,,102200,269,268,0,8252,post,
7136848659831934213,2025-05-26T00:10:28Z,mclaren,,TikTok,2022-08-28T08:57:58.000Z,,A new kind of shoey. ğŸ‘Ÿâœï¸ #McLaren #F1 #Shoes #Art #Create #Surprise #Trainers #Sneakers ,ğŸ‘Ÿâœ,,109600,204,217,0,2728,post,
7137005438016507142,2025-05-26T00:10:28Z,astonmartinf1,,TikTok,2022-08-28T19:06:17.000Z,,Replying to @Susan Ask and you shall receiveğŸƒâ€â™‚ï¸ğŸ’¨ #f1 #f1tiktok #WhereAllFansPlay ,ğŸƒâ™‚ğŸ’¨,,146800,268,372,0,4228,post,
7136894213471390981,2025-05-26T00:10:28Z,alpinef1team,,TikTok,2022-08-28T11:54:40.000Z,,Use this sound if youâ€™re an Esteban fan. ğŸ’™ #BelgianGP #F1 #Ocon @Esteban Ocon ,ğŸ’™,,19700,119,59,0,628,comment,
7136873408419089670,2025-05-26T00:10:28Z,astonmartinf1,,TikTok,2022-08-28T10:33:59.000Z,,Running into race day likeğŸ’¨ğŸ’š #f1 #f1tiktok #formula1 #WhereAllFansPlay #f1edit ,ğŸ’¨ğŸ’š,,126500,663,1488,0,7083,post,
7136878774414560518,2025-05-26T00:10:28Z,haasf1official,,TikTok,2022-08-28T10:54:48.000Z,,Just call him Mick Scootmacher ğŸ˜ŠğŸ›´ #HaasF1 #F1,ğŸ˜ŠğŸ›´,,14800,53,68,0,728,comment,
7137011477742914822,2025-05-26T00:10:28Z,estebanocon,,TikTok,2022-08-28T19:29:41.000Z,,Great race today and had some fun along the way ğŸ˜œ #BelgianGP #EO31 #f1,ğŸ˜œ,,81000,192,165,0,2329,comment,
7118024964753706245,2025-05-26T00:10:28Z,redbull,,TikTok,2022-07-08T15:32:18.000Z,,there's *always* time for donuts ğŸ© #redbull #givesyouwiiings #f1 #maxverstappen #dayinlife #vlog,ğŸ©,,384400,775,1036,0,14900,post,
7136505975506242822,2025-05-26T00:10:28Z,ferrari,,TikTok,2022-08-27T10:48:07.000Z,,You loved the one with CÂ²â€¦ Now itâ€™s @robertshwartzmanâ€™s turn ğŸ‘€ #essereFerrari #ScuderiaFerrari #F1 #Formula1 #BelgianGP ,ğŸ‘€,,21500,112,73,0,559,comment,
7136591400539393285,2025-05-26T00:10:28Z,mclaren,,TikTok,2022-08-27T16:19:35.000Z,,Moments like these. ğŸ§¡ #McLaren #F1 #Surprise #Present #Gift ,ğŸ§¡,,180000,581,311,0,6383,post,
